-- ─────────────────────────────────────────────────────────────────────────────
-- Origen Campus Aguascalientes 2026 — Datos reales iniciales
-- Ejecutar DESPUÉS de schema.sql en el SQL Editor de Supabase
-- ─────────────────────────────────────────────────────────────────────────────

-- ─── ASISTENCIA ──────────────────────────────────────────────────────────────
INSERT INTO asistencia (fecha, adultos, voluntarios, ninos, bebes, nuevos, total) VALUES
  ('2026-01-04',  47, 30, 15,  3,  0,  95),
  ('2026-01-11',  27, 25, 11,  3,  0,  66),
  ('2026-01-18',  34, 19, 18,  5,  0,  76),
  ('2026-01-25',  90, 36, 31, 13,  0, 170),
  ('2026-02-01',  26, 26, 10,  2,  2,  64),
  ('2026-02-08',  48, 31, 19,  4, 12, 114),
  ('2026-02-15',  56, 37, 19,  7,  3, 122),
  ('2026-02-22',  66, 31, 25,  1,  1, 124),
  ('2026-03-01',  74, 26,  0,  3,  0, 124),
  ('2026-03-08',  48, 28, 17,  3,  2,  96),
  ('2026-03-15',  56, 31, 26,  8,  4, 121),
  ('2026-03-22',  85, 34, 19,  4,  3, 142),
  ('2026-03-29',  72, 35, 22,  4,  3, 133),
  ('2026-04-05',  87, 42, 26,  3,  3, 158),
  ('2026-04-12',  75, 29, 21,  5,  0, 130),
  ('2026-04-19',  56, 32, 18,  4,  2, 110),
  ('2026-04-26',  40, 20, 20,  4,  0,  84),
  ('2026-05-03',  46, 27, 13,  6,  2,  94),
  ('2026-05-10',  52, 29, 21,  6,  0, 108),
  ('2026-05-17',  61, 37, 26,  3,  1, 128),
  ('2026-05-24',  70, 27, 11,  4,  2, 114);

-- ─── OFRENDAS ────────────────────────────────────────────────────────────────
INSERT INTO ofrendas (fecha, efectivo, terminal, total_ofrenda, ofrendas, participacion, ofrenda_especial) VALUES
  ('2026-01-04',   450,   500,   950,  0,  0, 0),
  ('2026-01-11',  1680,  3500,  5180,  0,  0, 0),
  ('2026-01-18',  9750, 16200, 25950,  0,  0, 0),
  ('2026-01-25', 13487,  2260, 15747,  0,  0, 0),
  ('2026-02-01',   500,   416,   916,  0,  0, 0),
  ('2026-02-08',   640,  3370,  4010, 17, 22, 0),
  ('2026-02-15',  3010,  2919,  5929, 24, 26, 0),
  ('2026-02-22',  1010,  2050,  3060, 15, 15, 0),
  ('2026-03-01',  1780,  1680,  3460, 18, 18, 0),
  ('2026-03-08',   980,  2390,  3370, 11, 14, 0),
  ('2026-03-15',   624,  3470,  4094, 19, 22, 0),
  ('2026-03-22',   250,  3120,  3370, 16, 13, 0),
  ('2026-03-29',   675,  8500,  9175, 13, 12, 0),
  ('2026-04-05',  2161, 11225, 13386, 24, 19, 0),
  ('2026-04-12',  1090,  2100,  3190, 17, 16, 0),
  ('2026-04-19',   565,  1700,  2265, 14, 16, 0),
  ('2026-04-26',   720,  1200,  1920,  8, 13, 0),
  ('2026-05-03',   610,  2200,  2810, 12, 16, 0),
  ('2026-05-10',  1210,  1400,  2610, 11, 13, 0),
  ('2026-05-17',  1660,  9200, 10860, 19, 19, 0),
  ('2026-05-24',   810,  5060,  5870, 21, 21, 0);

-- ─── GASTOS ──────────────────────────────────────────────────────────────────
INSERT INTO gastos (fecha, concepto, categoria, monto) VALUES
  ('2026-01-04', 'Gastos de Viaje - Humber',                              'Operación',  1500),
  ('2026-01-04', 'Roscas Día de Reyes',                                   'Alimentos',  1500),
  ('2026-01-04', 'Platos desechables',                                    'Materiales',  248),
  ('2026-02-01', 'Bautizos Posada - Salón Alex',                          'Eventos',    2320),
  ('2026-02-01', '6 botellas de Martely',                                 'Alimentos',  1200),
  ('2026-02-01', 'Uvas, cacahuates, pretzels, aceitunas, tomates, queso', 'Alimentos',  2526),
  ('2026-02-01', 'Café, bebidas, botanas Green Room',                     'Alimentos',  2506),
  ('2026-02-01', 'Desayuno de Voluntarios',                               'Alimentos',   500),
  ('2026-02-01', 'Pago Ingeniero de Audio (Martín)',                      'Operación',   500),
  ('2026-02-01', 'Salón Evento de Hombres',                               'Eventos',    2600),
  ('2026-02-15', 'Ajuste evento Matrimonios',                             'Eventos',    4100),
  ('2026-03-08', '1000 sobres ofrenda',                                   'Materiales', 3400),
  ('2026-03-08', '500 vasitos Santa Cena',                                'Materiales',  450),
  ('2026-03-08', 'Papelería',                                             'Materiales',  130),
  ('2026-03-22', 'Gafetes/folletos Paco',                                 'Materiales',  800),
  ('2026-03-22', 'Gastos de Viaje - Humber',                              'Operación',  3000),
  ('2026-03-22', 'Cena Líderes',                                          'Eventos',    1355),
  ('2026-03-22', 'Alimentos Bienvenida a Casa',                           'Alimentos',  2710),
  ('2026-03-22', 'Papelería',                                             'Materiales',  611),
  ('2026-04-19', 'Gastos de Viaje - Humber',                              'Operación',  1500),
  ('2026-04-19', 'Ajuste Campamento de Mujeres',                          'Eventos',    1110),
  ('2026-04-26', 'Vasitos Santa Cena',                                    'Materiales',  250),
  ('2026-04-26', 'Gastos Kids (autorizo Andrea)',                         'Eventos',     300),
  ('2026-05-03', 'Día del Niño - Gastos',                                 'Eventos',    1800),
  ('2026-05-10', 'Home Depot estructura ofrenda especial',                'Materiales', 1745),
  ('2026-05-10', 'Material para Ofrenda Especial - Mamparas',             'Materiales', 2050),
  ('2026-05-10', 'Flores',                                                'Decoración',  885),
  ('2026-05-10', 'Viniles Paco',                                          'Materiales',  400),
  ('2026-05-10', 'Papelería Office Max',                                  'Materiales',  345),
  ('2026-05-17', 'Gastos de Viaje - Humber',                              'Operación',  3000);

-- ─── EVENTOS ─────────────────────────────────────────────────────────────────
INSERT INTO eventos (nombre, fecha, tipo) VALUES
  ('Servicio dominical',              '2026-01-04', 'servicio'),
  ('Servicio dominical',              '2026-01-11', 'servicio'),
  ('Servicio dominical',              '2026-01-18', 'servicio'),
  ('Servicio dominical',              '2026-01-25', 'servicio'),
  ('Servicio dominical',              '2026-02-01', 'servicio'),
  ('Servicio dominical',              '2026-02-08', 'servicio'),
  ('Servicio dominical',              '2026-02-15', 'servicio'),
  ('Servicio dominical',              '2026-02-22', 'servicio'),
  ('Servicio dominical',              '2026-03-01', 'servicio'),
  ('Servicio dominical',              '2026-03-08', 'servicio'),
  ('Servicio dominical',              '2026-03-15', 'servicio'),
  ('Servicio dominical',              '2026-03-22', 'servicio'),
  ('Domingo de Resurrección',         '2026-03-29', 'especial'),
  ('Servicio dominical',              '2026-04-05', 'servicio'),
  ('Servicio dominical',              '2026-04-12', 'servicio'),
  ('3er Aniversario Origen',          '2026-04-19', 'especial'),
  ('Servicio dominical',              '2026-04-26', 'servicio'),
  ('Servicio dominical',              '2026-05-03', 'servicio'),
  ('Servicio Día de la Madre',        '2026-05-10', 'especial'),
  ('Servicio dominical',              '2026-05-17', 'servicio'),
  ('Servicio dominical',              '2026-05-24', 'servicio'),
  ('Servicio dominical',              '2026-05-31', 'servicio'),
  ('Servicio dominical',              '2026-06-07', 'servicio'),
  ('Servicio dominical',              '2026-06-14', 'servicio'),
  ('Día del Padre — Servicio especial', '2026-06-21', 'especial'),
  ('Servicio dominical',              '2026-06-28', 'servicio');
